{
  "version": "1.0",
  "defaultProvider": "cdnjs",
  "libraries": [
    {
      "provider": "cdnjs",
      "library": "jquery@3.3.1",
      "destination": "wwwroot/lib/jquery/",
      "files": [
        "jquery.min.js",
        "jquery.js",
        "jquery.min.map"
      ]
    },
    {
      "provider": "cdnjs",
      "library": "jquery-validate@1.18.0",
      "destination": "wwwroot/lib/validate",
      "files": [
        "jquery.validate.js",
        "jquery.validate.min.js",
        "localization/messages_zh.js",
        "localization/messages_zh.min.js"
      ]
    },
    {
      "provider": "cdnjs",
      "library": "toastr.js@2.1.4",
      "destination": "wwwroot/lib/toastr.js/",
      "files": [
        "toastr.min.js",
        "toastr.css",
        "toastr.js.map",
        "toastr.min.css"
      ]
    },
    {
      "provider": "cdnjs",
      "library": "jquery-treegrid@0.2.0",
      "destination": "wwwroot/lib/treegrid/",
      "files": [
        "css/jquery.treegrid.css",
        "js/jquery.treegrid.js",
        "js/jquery.treegrid.min.js"
      ]
    },
    {
      "provider": "cdnjs",
      "library": "twitter-bootstrap@4.3.1",
      "destination": "wwwroot/lib/twitter-bootstrap/",
      "files": [
        "js/bootstrap.bundle.js",
        "css/bootstrap.css",
        "css/bootstrap.css.map",
        "css/bootstrap.min.css",
        "css/bootstrap.min.css.map",
        "js/bootstrap.bundle.js.map",
        "js/bootstrap.bundle.min.js",
        "js/bootstrap.bundle.min.js.map"
      ]
    },
    {
      "provider": "cdnjs",
      "library": "font-awesome@4.7.0",
      "destination": "wwwroot/lib/font-awesome/",
      "files": [
        "css/font-awesome.min.css",
        "css/font-awesome.css",
        "css/font-awesome.css.map",
        "fonts/fontawesome-webfont.eot",
        "fonts/fontawesome-webfont.svg",
        "fonts/fontawesome-webfont.ttf",
        "fonts/fontawesome-webfont.woff",
        "fonts/fontawesome-webfont.woff2",
        "fonts/FontAwesome.otf"
      ]
    },
    {
      "provider": "cdnjs",
      "library": "limonte-sweetalert2@7.33.1",
      "destination": "wwwroot/lib/sweetalert/",
      "files": [
        "sweetalert2.js",
        "sweetalert2.min.js",
        "sweetalert2.css",
        "sweetalert2.min.css"
      ]
    },
    {
      "library": "smalot-bootstrap-datetimepicker@2.4.4",
      "destination": "wwwroot/lib/datetimepicker",
      "files": [
        "css/bootstrap-datetimepicker.css",
        "css/bootstrap-datetimepicker.min.css",
        "js/locales/bootstrap-datetimepicker.zh-CN.js",
        "js/bootstrap-datetimepicker.js",
        "js/bootstrap-datetimepicker.min.js"
      ]
    },
    {
      "provider": "cdnjs",
      "library": "bootstrap-fileinput@4.5.1",
      "destination": "wwwroot/lib/bootstrap-fileinput/",
      "files": [
        "js/fileinput.min.js",
        "themes/fa/theme.js",
        "themes/fa/theme.min.js",
        "js/fileinput.js",
        "js/locales/zh.js",
        "js/locales/zh.min.js",
        "js/locales/zh.min.js.map",
        "img/loading-sm.gif",
        "img/loading.gif",
        "css/fileinput.css",
        "css/fileinput.min.css"
      ]
    },
    {
      "provider": "cdnjs",
      "library": "bootstrap-3-typeahead@4.0.2",
      "destination": "wwwroot/lib/bootstrap-3-typeahead/",
      "files": [
        "bootstrap3-typeahead.min.js",
        "bootstrap3-typeahead.js"
      ]
    },
    {
      "provider": "cdnjs",
      "library": "nprogress@0.2.0",
      "destination": "wwwroot/lib/nprogress/",
      "files": [
        "nprogress.min.js",
        "nprogress.css",
        "nprogress.js",
        "nprogress.min.css"
      ]
    },
    {
      "library": "nestable2@1.6.0",
      "destination": "wwwroot/lib/nestable2/",
      "files": [
        "jquery.nestable.min.js",
        "jquery.nestable.css",
        "jquery.nestable.js",
        "jquery.nestable.min.css"
      ]
    },
    {
      "provider": "unpkg",
      "library": "tableexport.jquery.plugin@1.10.1",
      "destination": "wwwroot/lib/tablexport/",
      "files": [
        "tableExport.js",
        "tableExport.min.js"
      ]
    }
  ]
}