{
  "version": "1.0",
  "defaultProvider": "cdnjs",
  "libraries": [
    {
      "provider": "cdnjs",
      "library": "jquery@3.3.1",
      "destination": "wwwroot/lib/jquery/",
      "files": [
        "jquery.min.js",
        "jquery.js",
        "jquery.min.map"
      ]
    },
    {
      "provider": "cdnjs",
      "library": "jquery-validate@1.18.0",
      "destination": "wwwroot/lib/validate",
      "files": [
        "jquery.validate.js",
        "jquery.validate.min.js",
        "localization/messages_zh.js",
        "localization/messages_zh.min.js"
      ]
    },
    {
      "provider": "cdnjs",
      "library": "toastr.js@2.1.4",
      "destination": "wwwroot/lib/toastr.js/",
      "files": [
        "toastr.min.js",
        "toastr.css",
        "toastr.js.map",
        "toastr.min.css"
      ]
    },
    {
      "provider": "cdnjs",
      "library": "twitter-bootstrap@4.3.1",
      "destination": "wwwroot/lib/twitter-bootstrap/",
      "files": [
        "js/bootstrap.bundle.js",
        "css/bootstrap.css",
        "css/bootstrap.css.map",
        "css/bootstrap.min.css",
        "css/bootstrap.min.css.map",
        "js/bootstrap.bundle.js.map",
        "js/bootstrap.bundle.min.js",
        "js/bootstrap.bundle.min.js.map"
      ]
    },
    {
      "provider": "cdnjs",
      "library": "font-awesome@4.7.0",
      "destination": "wwwroot/lib/font-awesome/",
      "files": [
        "css/font-awesome.min.css",
        "css/font-awesome.css",
        "css/font-awesome.css.map",
        "fonts/fontawesome-webfont.eot",
        "fonts/fontawesome-webfont.svg",
        "fonts/fontawesome-webfont.ttf",
        "fonts/fontawesome-webfont.woff",
        "fonts/fontawesome-webfont.woff2",
        "fonts/FontAwesome.otf"
      ]
    },
    {
      "library": "smalot-bootstrap-datetimepicker@2.4.4",
      "destination": "wwwroot/lib/datetimepicker",
      "files": [
        "css/bootstrap-datetimepicker.css",
        "css/bootstrap-datetimepicker.min.css",
        "js/locales/bootstrap-datetimepicker.zh-CN.js",
        "js/bootstrap-datetimepicker.js",
        "js/bootstrap-datetimepicker.min.js"
      ]
    }
  ]
}